,count_1024,count_2048,count_4096,count_8192,execution_time,execution_time_iter,num_iters
0,2031,1944,1816,0,1136.2506198883057,0.3013927373709034,3770
