,count_1024,count_2048,count_4096,count_8192,execution_time,execution_time_iter,num_iters
0,0,0,0,0,0.08638691902160645,0.00048531976978430586,178
