,count_1024,count_2048,count_4096,count_8192,execution_time,execution_time_iter,num_iters
0,941,905,0,0,163.20378398895264,0.0870884653089395,1874
